<configuration>
 	<property resource="app.properties" />
	<!-- 控制台输出 -->
	<appender name="CONSOLE" class="ch.qos.logback.core.ConsoleAppender">
		<!-- encoders are assigned the type ch.qos.logback.classic.encoder.PatternLayoutEncoder by default -->
		<encoder>
			<pattern>%d{HH:mm:ss.SSS} [%thread] %-5level %logger{10} - %msg%n
			</pattern>
		</encoder>
	</appender>
	
	<!-- 默认输出文件 -->
	<appender name="DEFAULT-APPENDER" class="ch.qos.logback.core.rolling.RollingFileAppender">
		<rollingPolicy class="ch.qos.logback.core.rolling.TimeBasedRollingPolicy">
			<fileNamePattern>${log.home}/default/common-default.log.%d{yyyyMMdd}</fileNamePattern>
		</rollingPolicy>
		<encoder charset="UTF-8">
			<pattern>%d [%t] %-5p %c{2} - [%m]%n</pattern>
		</encoder>
	</appender>
	<!-- 默认错误文件 -->
	<appender name="ERROR-APPENDER" class="ch.qos.logback.core.rolling.RollingFileAppender">
		<rollingPolicy class="ch.qos.logback.core.rolling.TimeBasedRollingPolicy">
			<fileNamePattern>${log.home}/error/common-error.log.%d{yyyyMMdd}</fileNamePattern>
		</rollingPolicy>
		<encoder charset="UTF-8">
			<pattern>%d [%t] %-5p %c{2} %L - [%m]%n</pattern>
		</encoder>
		<filter class="ch.qos.logback.classic.filter.ThresholdFilter">
    		<level>ERROR</level>
    	</filter>
	</appender>
	<!-- 默认警告文件 -->
	<appender name="WARN-APPENDER" class="ch.qos.logback.core.rolling.RollingFileAppender">
		<rollingPolicy class="ch.qos.logback.core.rolling.TimeBasedRollingPolicy">
			<fileNamePattern>${log.home}/warn/common-warn.log.%d{yyyyMMdd}</fileNamePattern>
		</rollingPolicy>
		<encoder charset="UTF-8">
			<pattern>%d [%t] %-5p %c{2} %L - [%m]%n</pattern>
		</encoder>
		<filter class="ch.qos.logback.classic.filter.ThresholdFilter">
    		<level>WARN</level>
    	</filter>
	</appender>
	
	<logger name="org.springframework" level="WARN" />
	
	<logger name="com.wj" level="DEBUG" />
	
	<root level="INFO">
		<appender-ref ref="CONSOLE" />
		<appender-ref ref="DEFAULT-APPENDER"></appender-ref>
		<appender-ref ref="ERROR-APPENDER"></appender-ref>
		<appender-ref ref="WARN-APPENDER"></appender-ref>
	</root>
</configuration>