<?xml version="1.0" encoding="UTF-8"?>
<beans xmlns="http://www.springframework.org/schema/beans" xmlns:mvc="http://www.springframework.org/schema/mvc"
	xmlns:xsi="http://www.w3.org/2001/XMLSchema-instance" xmlns:context="http://www.springframework.org/schema/context"
	xmlns:util="http://www.springframework.org/schema/util" xmlns:p="http://www.springframework.org/schema/p"
	xsi:schemaLocation="http://www.springframework.org/schema/beans http://www.springframework.org/schema/beans/spring-beans.xsd
		http://www.springframework.org/schema/context http://www.springframework.org/schema/context/spring-context.xsd
		http://www.springframework.org/schema/util http://www.springframework.org/schema/util/spring-util.xsd
		http://www.springframework.org/schema/mvc http://www.springframework.org/schema/mvc/spring-mvc.xsd"
	default-autowire="byName">
	
	<context:component-scan base-package="com.wj.suzaku.action" />
	
	<mvc:annotation-driven/>
	
	<mvc:resources mapping="/css/**" location="/WEB-INF/resources/css/" />
	<mvc:resources mapping="/js/**" location="/WEB-INF/resources/js/" />
	
	<bean id="multipartResolver"
		class="org.springframework.web.multipart.commons.CommonsMultipartResolver">
		<!-- one of the properties available; the maximum file size in bytes -->
		<property name="maxUploadSize" value="10485760" /> <!-- 10MB -->
	</bean>
	
	<!-- FreeMarker -->
	<bean id="viewResolver" class="org.springframework.web.servlet.view.freemarker.FreeMarkerViewResolver">
		<property name="suffix" value=".ftl" />
		<property name="contentType" value="text/html;charset=utf-8" />
		<property name="exposeRequestAttributes" value="true" />
		<property name="exposeSessionAttributes" value="true" />
		<property name="exposeSpringMacroHelpers" value="true" />
		<property name="requestContextAttribute" value="request"/>
		<property name="cache" value="true" />
	</bean>

	<bean id="freemarkerConfig"
		class="org.springframework.web.servlet.view.freemarker.FreeMarkerConfigurer">
		<property name="templateLoaderPath" value="/WEB-INF/views/ftls/" />
		<property name="defaultEncoding" value="utf-8" />
		<property name="freemarkerSettings">
			<props>
				<prop key="defaultEncoding">UTF-8</prop>
				<prop key="locale">zh_CN</prop>
				<prop key="datetime_format">yyyy-MM-dd HH:mm:ss</prop>
				<prop key="date_format">yyyy-MM-dd</prop>
				<prop key="number_format">#.##</prop>
				<prop key="classic_compatible">true</prop>
				<prop key="template_update_delay">3600</prop>
			</props>
		</property>
	</bean>

</beans>