<?xml version="1.0" encoding="UTF-8"?>
<beans xmlns="http://www.springframework.org/schema/beans"
	xmlns:xsi="http://www.w3.org/2001/XMLSchema-instance" xmlns:context="http://www.springframework.org/schema/context"
	xmlns:util="http://www.springframework.org/schema/util" xmlns:p="http://www.springframework.org/schema/p"
	xmlns:jdbc="http://www.springframework.org/schema/jdbc" xmlns:tx="http://www.springframework.org/schema/tx"
	xsi:schemaLocation="http://www.springframework.org/schema/beans http://www.springframework.org/schema/beans/spring-beans.xsd
		http://www.springframework.org/schema/context http://www.springframework.org/schema/context/spring-context.xsd
		http://www.springframework.org/schema/util http://www.springframework.org/schema/util/spring-util.xsd
		http://www.springframework.org/schema/jdbc http://www.springframework.org/schema/jdbc/spring-jdbc.xsd
	    http://www.springframework.org/schema/tx http://www.springframework.org/schema/tx/spring-tx.xsd"
	default-autowire="byName">
	
	<bean id="propertyPlaceholderConfigurer" class="org.springframework.beans.factory.config.PropertyPlaceholderConfigurer">
		<property name="location" value="classpath:app.properties"/>
	</bean>  

	<!-- 数据源 -->
	<bean id="dataSource"
		class="org.springframework.jdbc.datasource.LazyConnectionDataSourceProxy">
		<constructor-arg>
			<bean class="org.springframework.jdbc.datasource.SimpleDriverDataSource">
				<property name="driverClass" value="${jdbc.driverClass}" />
				<property name="url" value="${jdbc.url}" />
				<property name="username" value="${jdbc.username}"/>
				<property name="password" value="${jdbc.password}"/>
			</bean>
		</constructor-arg>
	</bean>

	<!-- provides a H2 console to look into the db if necessary 
	<bean id="h2WebServer" class="org.h2.tools.Server"
		factory-method="createWebServer" depends-on="dataSource" init-method="start" destroy-method="stop"
		lazy-init="false">
		<constructor-arg value="-web,-webAllowOthers,-webPort,8082" />
	</bean>
	-->

	<!-- 
	<jdbc:embedded-database id="dataSource" type="H2">
		<jdbc:script location="classpath:db/sql/db-schema.sql" />
		<jdbc:script location="classpath:db/sql/db-data.sql" encoding="UTF-8"/>
	</jdbc:embedded-database>
	-->
	<!-- 初始化数据库 -->
	<jdbc:initialize-database data-source="dataSource" enabled="${jdbc.initializedatabase}">
		<jdbc:script location="classpath:db/sql/db-schema.sql" encoding="UTF-8"/>
		<jdbc:script location="classpath:db/sql/db-data.sql" encoding="UTF-8"/>
	</jdbc:initialize-database>

	<bean id="jdbcTemplate" class="org.springframework.jdbc.core.JdbcTemplate" />

	<bean id="sqlSessionFactory" class="org.mybatis.spring.SqlSessionFactoryBean">
		<property name="dataSource" ref="dataSource" />
		<property name="mapperLocations" value="classpath*:db/mybatis/*.xml" />
		<property name="typeAliasesPackage" value="com.wj.suzaku.model"/>
		<property name="plugins">
			<array>
				<bean class="com.github.pagehelper.PageHelper">
			        <property name="properties">
			          <value>
			          offsetAsPageNum=true
			          rowBoundsWithCount=true
			          pageSizeZero=true
			          reasonable=true
			          params=pageNum=pageHelperStart;pageSize=pageHelperRows;
			          supportMethodsArguments=false
			          returnPageInfo=none
			          </value>
			        </property>
			     </bean>
			</array>
		</property>
	</bean>

	<!-- 事务管理 -->
	<bean id="transactionManager"
		class="org.springframework.jdbc.datasource.DataSourceTransactionManager">
		<property name="dataSource" ref="dataSource" />
	</bean>
	
	<!-- 使用annotation定义事务 -->    
    <tx:annotation-driven transaction-manager="transactionManager" proxy-target-class="true" /> 

</beans>