<!DOCTYPE mapper
    PUBLIC "-//mybatis.org//DTD Mapper 3.0//EN"
    "http://mybatis.org/dtd/mybatis-3-mapper.dtd">
<mapper namespace="com.wj.suzaku.dao.DbConnectionDao">
	<resultMap type="com.wj.suzaku.model.DbConnection" id="dbConnection">
		<id property="id" column="id"/>
		<result property="name" column="name"/>
		<result property="type" column="db_type"/>
		<result property="host" column="host"/>
		<result property="username" column="username"/>
		<result property="password" column="password"/>
		<result property="schema" column="db_schema"/>
	</resultMap>
	
	<sql id="where">
		<where>
			<if test="name != null and name !='' ">and name = #{name}</if>
			<if test="type != null and type !=''">and db_type = #{type}</if>
			<if test="host != null and host !=''">and host = #{host}</if>
			<if test="username != null and username !=''">and username = #{username}</if>
			<if test="password != null and password !=''">and password = #{password}</if>
			<if test="schema != null and schema !=''">and db_schema = #{schema}</if>
		</where>
	</sql>
	
	<select id="query" resultMap="dbConnection">
        select * from db_connection
		<include refid="where"/>
    </select>

	<select id="getAll" resultMap="dbConnection">
		select * from db_connection
	</select>
	
	<select id="getById" resultMap="dbConnection">
		select * from db_connection where id = #{id}
	</select>
	
	<insert id="save" useGeneratedKeys="true" keyProperty="id" >
	    insert into db_connection (name, db_type,host, username,password,db_schema) values (
	    	#{name}, #{type},#{host}, #{username},#{password},#{schema}
	    )
	</insert>
	
	<delete id="delete">
		delete from db_connection where id = #{id}
	</delete>
	
	<update id="update">
		UPDATE db_connection
		<set>
			<if test="name != null">name = #{name},</if>
			<if test="type != null">db_type = #{type},</if>
			<if test="host != null">host = #{host},</if>
			<if test="username != null">username = #{username},</if>
			<if test="password != null">password = #{password},</if>
			<if test="schema != null">db_schema = #{schema}</if>
		</set>
			WHERE id = #{id}
	</update>

</mapper>